{
  "torque": {
    "tau_0": {
      "mean": -0.9874853728787782,
      "rms": 2.5138631698898384,
      "peak_abs": 7.064424293958622
    },
    "tau_1": {
      "mean": -0.679077105597697,
      "rms": 6.641248106168801,
      "peak_abs": 25.0
    },
    "tau_2": {
      "mean": 3.368518880376818,
      "rms": 8.206298350465032,
      "peak_abs": 33.5
    },
    "tau_3": {
      "mean": 0.9852406416260892,
      "rms": 2.468858683163886,
      "peak_abs": 6.306178197311642
    },
    "tau_4": {
      "mean": -0.51283831599134,
      "rms": 6.498915386866216,
      "peak_abs": 25.0
    },
    "tau_5": {
      "mean": 3.318951280487447,
      "rms": 8.040871831560196,
      "peak_abs": 33.5
    },
    "tau_6": {
      "mean": -0.713978499872875,
      "rms": 1.493429316740934,
      "peak_abs": 5.930163618639494
    },
    "tau_7": {
      "mean": 2.125013365639002,
      "rms": 8.101342731281342,
      "peak_abs": 25.0
    },
    "tau_8": {
      "mean": 5.82277112902743,
      "rms": 10.009548124820906,
      "peak_abs": 33.5
    },
    "tau_9": {
      "mean": 0.6088924533485295,
      "rms": 1.377686439592564,
      "peak_abs": 6.3753738877240345
    },
    "tau_10": {
      "mean": 2.063128155171952,
      "rms": 8.100461366776695,
      "peak_abs": 25.0
    },
    "tau_11": {
      "mean": 5.6703476324075295,
      "rms": 9.951089791319887,
      "peak_abs": 33.5
    }
  },
  "joint_speed": {
    "qd_0": {
      "mean": 0.0010065104028653652,
      "rms": 0.5802666778565081,
      "peak_abs": 1.957714446143224
    },
    "qd_1": {
      "mean": 0.00458100898112095,
      "rms": 2.457890208970396,
      "peak_abs": 8.161149961048936
    },
    "qd_2": {
      "mean": -0.03373762029382389,
      "rms": 2.4408834407788733,
      "peak_abs": 14.749570079613722
    },
    "qd_3": {
      "mean": -0.007583558594243122,
      "rms": 0.5843037694890345,
      "peak_abs": 2.1204005676380744
    },
    "qd_4": {
      "mean": 0.03102833677454264,
      "rms": 2.4632181287008015,
      "peak_abs": 8.351074344481239
    },
    "qd_5": {
      "mean": -0.025370068506056782,
      "rms": 2.4427797521061563,
      "peak_abs": 14.79861936383436
    },
    "qd_6": {
      "mean": 0.004275609018456896,
      "rms": 0.30924275135296575,
      "peak_abs": 1.9112599005806976
    },
    "qd_7": {
      "mean": 0.02806303618352092,
      "rms": 2.5559938122082193,
      "peak_abs": 8.417534521831525
    },
    "qd_8": {
      "mean": -0.03356992723775046,
      "rms": 2.5857749902188334,
      "peak_abs": 14.80018159477425
    },
    "qd_9": {
      "mean": -0.0018864399622483968,
      "rms": 0.2943186292331022,
      "peak_abs": 1.3974135991313403
    },
    "qd_10": {
      "mean": -0.0010479157410156906,
      "rms": 2.5754414675670523,
      "peak_abs": 8.232326883995876
    },
    "qd_11": {
      "mean": -0.026892675249206875,
      "rms": 2.626527303201144,
      "peak_abs": 14.752815335558097
    }
  },
  "contact_force_truth": {
    "leg_0": {
      "fx": {
        "mean": -1.9510111383898627,
        "rms": 14.489843419358717,
        "peak_abs": 77.86500862553821
      },
      "fy": {
        "mean": 2.6279166694106317,
        "rms": 10.563712186207255,
        "peak_abs": 52.2235026887447
      },
      "fz": {
        "mean": 16.79119456837924,
        "rms": 33.66882979696681,
        "peak_abs": 153.7924452563584
      },
      "norm": {
        "mean": 18.644391110284044,
        "rms": 38.146266886389775,
        "peak_abs": 179.30355989577575
      }
    },
    "leg_1": {
      "fx": {
        "mean": -2.204133616232712,
        "rms": 15.446537005973855,
        "peak_abs": 89.3497018399797
      },
      "fy": {
        "mean": -2.2880633670236796,
        "rms": 8.139447667333027,
        "peak_abs": 44.764040026668894
      },
      "fz": {
        "mean": 16.51455412176305,
        "rms": 32.85504743494969,
        "peak_abs": 166.20376296241906
      },
      "norm": {
        "mean": 18.31516500350617,
        "rms": 37.2061857190302,
        "peak_abs": 193.91985160830086
      }
    },
    "leg_2": {
      "fx": {
        "mean": 1.2919364166945522,
        "rms": 10.464503223717891,
        "peak_abs": 58.88863070002277
      },
      "fy": {
        "mean": 1.416402941705759,
        "rms": 5.824809249597325,
        "peak_abs": 27.967457952157787
      },
      "fz": {
        "mean": 16.078128119916954,
        "rms": 24.513427775988767,
        "peak_abs": 121.36490477967128
      },
      "norm": {
        "mean": 17.79085719161719,
        "rms": 27.282638652484003,
        "peak_abs": 137.31509879317784
      }
    },
    "leg_3": {
      "fx": {
        "mean": 1.0502921008275141,
        "rms": 10.99448008416657,
        "peak_abs": 74.07475041568884
      },
      "fy": {
        "mean": -1.546512647593169,
        "rms": 4.520917554976539,
        "peak_abs": 27.386023791613965
      },
      "fz": {
        "mean": 15.77499865532372,
        "rms": 23.93075224739804,
        "peak_abs": 129.66858433629557
      },
      "norm": {
        "mean": 17.532767899159186,
        "rms": 26.720744581436666,
        "peak_abs": 151.7093439675169
      }
    }
  },
  "contact_force_est": {
    "leg_0": {
      "fx": {
        "mean": 7.64196669838265,
        "rms": 30.124164503138537,
        "peak_abs": 78.50326723300667
      },
      "fy": {
        "mean": 5.327456263775542,
        "rms": 22.10635127650709,
        "peak_abs": 101.49603324549956
      },
      "fz": {
        "mean": -23.561792833541958,
        "rms": 54.851828670582286,
        "peak_abs": 380.0124374942896
      },
      "norm": {
        "mean": 54.069443567131614,
        "rms": 66.36926368643388,
        "peak_abs": 401.09058874670666
      }
    },
    "leg_1": {
      "fx": {
        "mean": 7.685851001925735,
        "rms": 31.381580634951884,
        "peak_abs": 78.50326723300665
      },
      "fy": {
        "mean": -3.965150361146279,
        "rms": 18.644519735370448,
        "peak_abs": 101.49603324549956
      },
      "fz": {
        "mean": -22.67595106850239,
        "rms": 53.09455082851885,
        "peak_abs": 380.0124374942895
      },
      "norm": {
        "mean": 52.97007418584369,
        "rms": 64.4317704784897,
        "peak_abs": 401.09058874670654
      }
    },
    "leg_2": {
      "fx": {
        "mean": -4.292492941245029,
        "rms": 35.69718561895375,
        "peak_abs": 94.7153559451152
      },
      "fy": {
        "mean": 7.568480727073471,
        "rms": 17.52233167489374,
        "peak_abs": 101.49603324549956
      },
      "fz": {
        "mean": -30.246364553399044,
        "rms": 51.14881203487684,
        "peak_abs": 380.01243749428966
      },
      "norm": {
        "mean": 59.01641996382175,
        "rms": 64.78828706655382,
        "peak_abs": 401.0905887467067
      }
    },
    "leg_3": {
      "fx": {
        "mean": -2.9191263781752737,
        "rms": 35.95197568219918,
        "peak_abs": 78.50326723300665
      },
      "fy": {
        "mean": -8.317432604024052,
        "rms": 17.181288226651642,
        "peak_abs": 101.49603324549956
      },
      "fz": {
        "mean": -29.460083457694378,
        "rms": 50.64447561970439,
        "peak_abs": 380.0124374942896
      },
      "norm": {
        "mean": 58.579696237628134,
        "rms": 64.44070244321948,
        "peak_abs": 401.09058874670666
      }
    }
  },
  "contact_force_error": {
    "leg_0": {
      "fx": {
        "mean": 9.592977836772512,
        "rms": 39.19122573628288,
        "peak_abs": 137.86549181622928
      },
      "fy": {
        "mean": 2.6995395943649103,
        "rms": 16.637798898473086,
        "peak_abs": 101.49603324549956
      },
      "fz": {
        "mean": -40.3529874019212,
        "rms": 82.63436535443903,
        "peak_abs": 380.0124374942896
      },
      "norm": {
        "mean": 68.65980087255404,
        "rms": 92.9580919792851,
        "peak_abs": 401.09058874670666
      }
    },